Time required: 5 minutes	4
In this guide, you will learn how to add a MongoDB driver to your project.	3
Add the MongoDB .NET/C# driver using NuGet. UseMongoDB.Driver for all new projects.	3
An environment configured for your programming language.	4
If you successfully completed the procedure in this guide, you have added a MongoDB driver to your project.	4
Time required: 5 minutes	4
An environment configured for your programming language.	2
In this guide, you will learn how to add a MongoDB driver to your project.	3
If you successfully completed the procedure in this guide, you have added a MongoDB driver to your project.	2
An environment configured for your programming language.	4
Add the MongoDB .NET/C# driver using NuGet. UseMongoDB.Driver for all new projects.	1
If you successfully completed the procedure in this guide, you have added a MongoDB driver to your project.	3
Add the MongoDB .NET/C# driver using NuGet. UseMongoDB.Driver for all new projects.	4
Add the MongoDB .NET/C# driver using NuGet. UseMongoDB.Driver for all new projects.	3
Time required: 5 minutes	5
In the next guide, you'll learn how to retrieve data from MongoDB.	4
In the next guide, you'll learn how to retrieve data from MongoDB.	4
Use the language selector above to switch between languages.	4
If you successfully completed the procedure in this guide, you have added a MongoDB driver to your project.	2
If you successfully completed the procedure in this guide, you have added a MongoDB driver to your project.	4
Use the language selector above to switch between languages.	2
An environment configured for your programming language.	4
Add the MongoDB .NET/C# driver using NuGet. UseMongoDB.Driver for all new projects.	3
If you successfully completed the procedure in this guide, you have added a MongoDB driver to your project.	2
Use the language selector above to switch between languages.	3
Time required: 5 minutes	2
Use the language selector above to switch between languages.	2
If you successfully completed the procedure in this guide, you have added a MongoDB driver to your project.	5
If you successfully completed the procedure in this guide, you have added a MongoDB driver to your project.	1
Add the MongoDB .NET/C# driver using NuGet. UseMongoDB.Driver for all new projects.	2
In this guide, you will learn how to add a MongoDB driver to your project.	5
Add the MongoDB .NET/C# driver using NuGet. UseMongoDB.Driver for all new projects.	2
In the next guide, you'll learn how to retrieve data from MongoDB.	3
Time required: 5 minutes	2
Add the MongoDB .NET/C# driver using NuGet. UseMongoDB.Driver for all new projects.	4
Time required: 5 minutes	3
If you successfully completed the procedure in this guide, you have added a MongoDB driver to your project.	4
Use the language selector above to switch between languages.	4
Add the MongoDB .NET/C# driver using NuGet. UseMongoDB.Driver for all new projects.	2
Add the MongoDB .NET/C# driver using NuGet. UseMongoDB.Driver for all new projects.	5
Time required: 5 minutes	1
In the next guide, you'll learn how to retrieve data from MongoDB.	4
An environment configured for your programming language.	3
An environment configured for your programming language.	2
Use the language selector above to switch between languages.	4
Use the language selector above to switch between languages.	4
Use the language selector above to switch between languages.	5
In this guide, you will learn how to add a MongoDB driver to your project.	3
If you successfully completed the procedure in this guide, you have added a MongoDB driver to your project.	2
Add the MongoDB .NET/C# driver using NuGet. UseMongoDB.Driver for all new projects.	2
Time required: 5 minutes	4
Use the language selector above to switch between languages.	3
Use the language selector above to switch between languages.	3
If you successfully completed the procedure in this guide, you have added a MongoDB driver to your project.	4
An environment configured for your programming language.	2
Use the language selector above to switch between languages.	4
In this guide, you will learn how to add a MongoDB driver to your project.	5
If you successfully completed the procedure in this guide, you have added a MongoDB driver to your project.	3
Add the MongoDB .NET/C# driver using NuGet. UseMongoDB.Driver for all new projects.	4
Use the language selector above to switch between languages.	1
An environment configured for your programming language.	3
If you successfully completed the procedure in this guide, you have added a MongoDB driver to your project.	1
Time required: 5 minutes	1
If you successfully completed the procedure in this guide, you have added a MongoDB driver to your project.	4
Use the language selector above to switch between languages.	1
Time required: 5 minutes	2
In the next guide, you'll learn how to retrieve data from MongoDB.	4
In the next guide, you'll learn how to retrieve data from MongoDB.	4
Add the MongoDB .NET/C# driver using NuGet. UseMongoDB.Driver for all new projects.	3
Time required: 5 minutes	4
Use the language selector above to switch between languages.	3
Time required: 5 minutes	3
Time required: 5 minutes	3
If you successfully completed the procedure in this guide, you have added a MongoDB driver to your project.	2
If you successfully completed the procedure in this guide, you have added a MongoDB driver to your project.	5
Time required: 5 minutes	3
In this guide, you will learn how to add a MongoDB driver to your project.	2
Add the MongoDB .NET/C# driver using NuGet. UseMongoDB.Driver for all new projects.	1
Add the MongoDB .NET/C# driver using NuGet. UseMongoDB.Driver for all new projects.	4
An environment configured for your programming language.	2
In the next guide, you'll learn how to retrieve data from MongoDB.	3
Add the MongoDB .NET/C# driver using NuGet. UseMongoDB.Driver for all new projects.	2
If you successfully completed the procedure in this guide, you have added a MongoDB driver to your project.	5
Time required: 5 minutes	5
In the next guide, you'll learn how to retrieve data from MongoDB.	3
Add the MongoDB .NET/C# driver using NuGet. UseMongoDB.Driver for all new projects.	4
Add the MongoDB .NET/C# driver using NuGet. UseMongoDB.Driver for all new projects.	5
Use the language selector above to switch between languages.	2
An environment configured for your programming language.	4
If you successfully completed the procedure in this guide, you have added a MongoDB driver to your project.	3
Use the language selector above to switch between languages.	4
Use the language selector above to switch between languages.	1
Time required: 5 minutes	1
Add the MongoDB .NET/C# driver using NuGet. UseMongoDB.Driver for all new projects.	4
Time required: 5 minutes	2
In the next guide, you'll learn how to retrieve data from MongoDB.	5
Time required: 5 minutes	4
In this guide, you will learn how to add a MongoDB driver to your project.	1
An environment configured for your programming language.	2
Use the language selector above to switch between languages.	2
