5	Paris	48.85661	2.351499	10	Relax, rejuvenate and unplug in this ultimate rustic getaway experience in the country. In our beautiful screened Pondhouse, you can gaze at the stars and listen to the sounds of nature from your cozy warm bed.	Baby seat	img/20.png	62	0	Brad	38	https://10.react.pages.academy/static/hotel/12.jpg,https://10.react.pages.academy/static/hotel/13.jpg,https://10.react.pages.academy/static/hotel/10.jpg,https://10.react.pages.academy/static/hotel/3.jpg,https://10.react.pages.academy/static/hotel/20.jpg,https://10.react.pages.academy/static/hotel/15.jpg,https://10.react.pages.academy/static/hotel/19.jpg	1	0	49.45501516785868	2.5736876749093973	10	8	2022-10-17T09:24:22.565Z	https://10.react.pages.academy/static/hotel/15.jpg	2281	3	Wood and stone place	hotel
6	Amsterdam	52.370216	4.895168	10	Peaceful studio in the most wanted area in town. Quiet house Near of everything.	Towels,Dishwasher,Laptop friendly workspace,Washer	img/60.png	90	1	Elizabeth	68	https://10.react.pages.academy/static/hotel/7.jpg,https://10.react.pages.academy/static/hotel/12.jpg,https://10.react.pages.academy/static/hotel/13.jpg,https://10.react.pages.academy/static/hotel/10.jpg,https://10.react.pages.academy/static/hotel/3.jpg,https://10.react.pages.academy/static/hotel/20.jpg,https://10.react.pages.academy/static/hotel/15.jpg,https://10.react.pages.academy/static/hotel/19.jpg	0	1	52.40551253381332	5.0076271311208655	10	7	2022-10-16T09:24:22.567Z	https://10.react.pages.academy/static/hotel/12.jpg	98521	2	Amazing and Extremely Central Flat	apartment
2	Amsterdam	52.370216	4.895168	10	Relax, rejuvenate and unplug in this ultimate rustic getaway experience in the country. In our beautiful screened Pondhouse, you can gaze at the stars and listen to the sounds of nature from your cozy warm bed.	Breakfast,Towels,Dishwasher,Laptop friendly workspace,Washer	img/3.png	46	0	Angelina	35	https://10.react.pages.academy/static/hotel/7.jpg,https://10.react.pages.academy/static/hotel/12.jpg,https://10.react.pages.academy/static/hotel/13.jpg,https://10.react.pages.academy/static/hotel/10.jpg,https://10.react.pages.academy/static/hotel/3.jpg,https://10.react.pages.academy/static/hotel/20.jpg,https://10.react.pages.academy/static/hotel/15.jpg,https://10.react.pages.academy/static/hotel/19.jpg	0	0	52.56663671135414	5.5141083385215515	10	6	2022-10-18T09:24:22.567Z	https://10.react.pages.academy/static/hotel/5.jpg	30525	3	Amazing and Extremely Central Flat	room
2	Cologne	50.938361	6.959974	10	Completely renovated. Lovely neighbourhood, lot of trendy shops, restaurants and bars in a walking distance.	Breakfast,Towels,Dishwasher,Laptop friendly workspace,Washer	img/95.png	53	0	Robert	18	https://10.react.pages.academy/static/hotel/6.jpg,https://10.react.pages.academy/static/hotel/5.jpg,https://10.react.pages.academy/static/hotel/14.jpg,https://10.react.pages.academy/static/hotel/1.jpg,https://10.react.pages.academy/static/hotel/4.jpg,https://10.react.pages.academy/static/hotel/7.jpg,https://10.react.pages.academy/static/hotel/12.jpg,https://10.react.pages.academy/static/hotel/13.jpg	0	0	51.75684971011899	7.111815350494069	10	7	2022-10-19T09:24:22.567Z	https://10.react.pages.academy/static/hotel/19.jpg	31426	1	Amazing and Extremely Central Flat	room
5	Dusseldorf	51.225402	6.776314	10	Relax, rejuvenate and unplug in this ultimate rustic getaway experience in the country. In our beautiful screened Pondhouse, you can gaze at the stars and listen to the sounds of nature from your cozy warm bed.	Towels,Dishwasher,Laptop friendly workspace,Washer	img/59.png	44	0	Kate	60	https://10.react.pages.academy/static/hotel/3.jpg,https://10.react.pages.academy/static/hotel/20.jpg,https://10.react.pages.academy/static/hotel/15.jpg,https://10.react.pages.academy/static/hotel/19.jpg	0	0	52.026932793524075	6.8403623986495194	10	9	2022-10-18T09:24:22.568Z	https://10.react.pages.academy/static/hotel/13.jpg	52680	3	Penthouse, 4-5 rooms + 5 balconies	house
2	Paris	48.85661	2.351499	10	Completely renovated. Lovely neighbourhood, lot of trendy shops, restaurants and bars in a walking distance.	Laptop friendly workspace,Washer	img/87.png	63	1	Brad	68	https://10.react.pages.academy/static/hotel/20.jpg,https://10.react.pages.academy/static/hotel/15.jpg,https://10.react.pages.academy/static/hotel/19.jpg	1	1	49.03288483164075	2.8670508451316605	10	10	2022-10-22T09:24:22.568Z	https://10.react.pages.academy/static/hotel/15.jpg	73181	2	Wood and stone place	room
6	Dusseldorf	51.225402	6.776314	10	I am happy to welcome you to my apartment in the city center! Three words: location, cosy and chic!	Washer	img/97.png	95	0	Leonardo	90	https://10.react.pages.academy/static/hotel/6.jpg,https://10.react.pages.academy/static/hotel/5.jpg,https://10.react.pages.academy/static/hotel/14.jpg,https://10.react.pages.academy/static/hotel/1.jpg,https://10.react.pages.academy/static/hotel/4.jpg,https://10.react.pages.academy/static/hotel/7.jpg	0	1	51.989385763161984	7.0517123828119255	10	9	2022-10-17T09:24:22.568Z	https://10.react.pages.academy/static/hotel/10.jpg	2220	5	Wood and stone place	house
1	Cologne	50.938361	6.959974	10	Discover daily local life in city center, friendly neighborhood, clandestine casino, karaoke, old-style artisans, art gallery and artist studio downstairs.	Breakfast,Towels,Dishwasher,Laptop friendly workspace	img/52.png	97	1	Brad	16	https://10.react.pages.academy/static/hotel/6.jpg,https://10.react.pages.academy/static/hotel/5.jpg,https://10.react.pages.academy/static/hotel/14.jpg,https://10.react.pages.academy/static/hotel/1.jpg,https://10.react.pages.academy/static/hotel/4.jpg,https://10.react.pages.academy/static/hotel/7.jpg,https://10.react.pages.academy/static/hotel/12.jpg,https://10.react.pages.academy/static/hotel/13.jpg,https://10.react.pages.academy/static/hotel/10.jpg,https://10.react.pages.academy/static/hotel/3.jpg	1	1	51.372058347391224	7.824218138564616	10	4	2022-10-20T09:24:22.568Z	https://10.react.pages.academy/static/hotel/5.jpg	40522	4	Wood and stone place	house
3	Cologne	50.938361	6.959974	10	Relax, rejuvenate and unplug in this ultimate rustic getaway experience in the country. In our beautiful screened Pondhouse, you can gaze at the stars and listen to the sounds of nature from your cozy warm bed.	Air conditioning,Baby seat,Fridge,Breakfast,Towels,Dishwasher	img/36.png	82	1	Kate	64	https://10.react.pages.academy/static/hotel/1.jpg,https://10.react.pages.academy/static/hotel/4.jpg,https://10.react.pages.academy/static/hotel/7.jpg,https://10.react.pages.academy/static/hotel/12.jpg,https://10.react.pages.academy/static/hotel/13.jpg,https://10.react.pages.academy/static/hotel/10.jpg	1	1	51.57932451692753	7.661416705259558	10	2	2022-10-20T09:24:22.568Z	https://10.react.pages.academy/static/hotel/5.jpg	47682	4	Nice, cozy, warm big bed apartment	hotel
7	Brussels	50.846557	4.351697	10	Discover daily local life in city center, friendly neighborhood, clandestine casino, karaoke, old-style artisans, art gallery and artist studio downstairs.	Laptop friendly workspace,Washer	img/66.png	44	0	Brad	64	https://10.react.pages.academy/static/hotel/10.jpg,https://10.react.pages.academy/static/hotel/3.jpg,https://10.react.pages.academy/static/hotel/20.jpg,https://10.react.pages.academy/static/hotel/15.jpg,https://10.react.pages.academy/static/hotel/19.jpg	0	0	51.683973002992914	5.266374793663765	10	3	2022-10-22T09:24:22.568Z	https://10.react.pages.academy/static/hotel/15.jpg	48590	4	Perfectly located Castro	hotel
6	Hamburg	53.550341	10.000654	10	Discover daily local life in city center, friendly neighborhood, clandestine casino, karaoke, old-style artisans, art gallery and artist studio downstairs.	Breakfast,Towels,Dishwasher,Laptop friendly workspace,Washer	img/4.png	82	0	Robert	40	https://10.react.pages.academy/static/hotel/20.jpg,https://10.react.pages.academy/static/hotel/15.jpg,https://10.react.pages.academy/static/hotel/19.jpg	0	1	54.03088815432627	10.843059844263406	10	5	2022-10-22T09:24:22.568Z	https://10.react.pages.academy/static/hotel/15.jpg	34305	4	Amazing and Extremely Central Flat	house
7	Brussels	50.846557	4.351697	10	Completely renovated. Lovely neighbourhood, lot of trendy shops, restaurants and bars in a walking distance.	Fridge,Breakfast	img/69.png	66	1	Kate	7	https://10.react.pages.academy/static/hotel/1.jpg,https://10.react.pages.academy/static/hotel/4.jpg,https://10.react.pages.academy/static/hotel/7.jpg,https://10.react.pages.academy/static/hotel/12.jpg,https://10.react.pages.academy/static/hotel/13.jpg,https://10.react.pages.academy/static/hotel/10.jpg,https://10.react.pages.academy/static/hotel/3.jpg,https://10.react.pages.academy/static/hotel/20.jpg	1	0	51.66860426001139	4.844369772350878	10	9	2022-10-19T09:24:22.568Z	https://10.react.pages.academy/static/hotel/13.jpg	79681	2	Wood and stone place	room
2	Dusseldorf	51.225402	6.776314	10	Relax, rejuvenate and unplug in this ultimate rustic getaway experience in the country. In our beautiful screened Pondhouse, you can gaze at the stars and listen to the sounds of nature from your cozy warm bed.	Breakfast,Towels,Dishwasher,Laptop friendly workspace,Washer	img/70.png	84	0	Elizabeth	21	https://10.react.pages.academy/static/hotel/15.jpg,https://10.react.pages.academy/static/hotel/19.jpg	1	0	52.149934822706776	7.774144790543083	10	8	2022-10-17T09:24:22.568Z	https://10.react.pages.academy/static/hotel/7.jpg	74747	3	Penthouse, 4-5 rooms + 5 balconies	hotel
1	Cologne	50.938361	6.959974	10	Discover daily local life in city center, friendly neighborhood, clandestine casino, karaoke, old-style artisans, art gallery and artist studio downstairs.	Baby seat,Fridge	img/78.png	29	0	Leonardo	84	https://10.react.pages.academy/static/hotel/13.jpg,https://10.react.pages.academy/static/hotel/10.jpg,https://10.react.pages.academy/static/hotel/3.jpg,https://10.react.pages.academy/static/hotel/20.jpg,https://10.react.pages.academy/static/hotel/15.jpg,https://10.react.pages.academy/static/hotel/19.jpg	0	1	51.449188080638635	7.461730734955977	10	1	2022-10-19T09:24:22.568Z	https://10.react.pages.academy/static/hotel/7.jpg	10975	2	Nice, cozy, warm big bed apartment	house
2	Brussels	50.846557	4.351697	10	Discover daily local life in city center, friendly neighborhood, clandestine casino, karaoke, old-style artisans, art gallery and artist studio downstairs.	Baby seat,Fridge,Breakfast,Towels,Dishwasher,Laptop friendly workspace,Washer	img/8.png	61	1	Leonardo	12	https://10.react.pages.academy/static/hotel/20.jpg,https://10.react.pages.academy/static/hotel/15.jpg,https://10.react.pages.academy/static/hotel/19.jpg	1	0	51.54255499564347	4.396304342955887	10	9	2022-10-19T09:24:22.569Z	https://10.react.pages.academy/static/hotel/10.jpg	38535	3	Penthouse, 4-5 rooms + 5 balconies	room
7	Amsterdam	52.370216	4.895168	10	I am happy to welcome you to my apartment in the city center! Three words: location, cosy and chic!	Baby seat,Fridge	img/77.png	35	1	Leonardo	41	https://10.react.pages.academy/static/hotel/14.jpg,https://10.react.pages.academy/static/hotel/1.jpg,https://10.react.pages.academy/static/hotel/4.jpg,https://10.react.pages.academy/static/hotel/7.jpg,https://10.react.pages.academy/static/hotel/12.jpg,https://10.react.pages.academy/static/hotel/13.jpg,https://10.react.pages.academy/static/hotel/10.jpg,https://10.react.pages.academy/static/hotel/3.jpg,https://10.react.pages.academy/static/hotel/20.jpg,https://10.react.pages.academy/static/hotel/15.jpg,https://10.react.pages.academy/static/hotel/19.jpg	1	0	52.78832050206757	5.639085886402267	10	4	2022-10-17T09:24:22.569Z	https://10.react.pages.academy/static/hotel/14.jpg	57011	3	Amazing and Extremely Central Flat	house
4	Cologne	50.938361	6.959974	10	Completely renovated. Lovely neighbourhood, lot of trendy shops, restaurants and bars in a walking distance.	Towels,Dishwasher,Laptop friendly workspace,Washer	img/37.png	3	0	Elizabeth	76	https://10.react.pages.academy/static/hotel/14.jpg,https://10.react.pages.academy/static/hotel/1.jpg,https://10.react.pages.academy/static/hotel/4.jpg,https://10.react.pages.academy/static/hotel/7.jpg,https://10.react.pages.academy/static/hotel/12.jpg,https://10.react.pages.academy/static/hotel/13.jpg,https://10.react.pages.academy/static/hotel/10.jpg	0	1	51.204801849572185	7.702806947862446	10	9	2022-10-19T09:24:22.569Z	https://10.react.pages.academy/static/hotel/10.jpg	77991	5	The Joshua Tree House	room
6	Hamburg	53.550341	10.000654	10	Discover daily local life in city center, friendly neighborhood, clandestine casino, karaoke, old-style artisans, art gallery and artist studio downstairs.	Air conditioning,Baby seat,Fridge,Breakfast,Towels	img/62.png	89	1	Elizabeth	73	https://10.react.pages.academy/static/hotel/12.jpg,https://10.react.pages.academy/static/hotel/13.jpg,https://10.react.pages.academy/static/hotel/10.jpg,https://10.react.pages.academy/static/hotel/3.jpg,https://10.react.pages.academy/static/hotel/20.jpg,https://10.react.pages.academy/static/hotel/15.jpg,https://10.react.pages.academy/static/hotel/19.jpg	1	0	53.972125820432005	10.697287161279625	10	5	2022-10-21T09:24:22.569Z	https://10.react.pages.academy/static/hotel/4.jpg	8382	3	Wood and stone place	room
4	Cologne	50.938361	6.959974	10	Peaceful studio in the most wanted area in town. Quiet house Near of everything.	Towels,Dishwasher,Laptop friendly workspace,Washer	img/5.png	34	1	Kate	26	https://10.react.pages.academy/static/hotel/14.jpg,https://10.react.pages.academy/static/hotel/1.jpg,https://10.react.pages.academy/static/hotel/4.jpg,https://10.react.pages.academy/static/hotel/7.jpg,https://10.react.pages.academy/static/hotel/12.jpg,https://10.react.pages.academy/static/hotel/13.jpg	1	1	51.52027111322268	7.449543600678464	10	2	2022-10-18T09:24:22.569Z	https://10.react.pages.academy/static/hotel/1.jpg	46985	4	Amazing and Extremely Central Flat	apartment
1	Cologne	50.938361	6.959974	10	Peaceful studio in the most wanted area in town. Quiet house Near of everything.	Washer	img/42.png	26	1	Elizabeth	21	https://10.react.pages.academy/static/hotel/4.jpg,https://10.react.pages.academy/static/hotel/7.jpg,https://10.react.pages.academy/static/hotel/12.jpg,https://10.react.pages.academy/static/hotel/13.jpg,https://10.react.pages.academy/static/hotel/10.jpg	0	1	51.295920624421015	7.595219973119529	10	7	2022-10-20T09:24:22.569Z	https://10.react.pages.academy/static/hotel/13.jpg	28892	1	The Joshua Tree House	room
7	Cologne	50.938361	6.959974	10	Discover daily local life in city center, friendly neighborhood, clandestine casino, karaoke, old-style artisans, art gallery and artist studio downstairs.	Breakfast,Towels,Dishwasher,Laptop friendly workspace,Washer	img/10.png	53	1	Leonardo	87	https://10.react.pages.academy/static/hotel/3.jpg,https://10.react.pages.academy/static/hotel/20.jpg,https://10.react.pages.academy/static/hotel/15.jpg,https://10.react.pages.academy/static/hotel/19.jpg	0	1	51.27977257279281	7.88133203905662	10	7	2022-10-16T09:24:22.569Z	https://10.react.pages.academy/static/hotel/1.jpg	77139	3	The Joshua Tree House	house
3	Cologne	50.938361	6.959974	10	Completely renovated. Lovely neighbourhood, lot of trendy shops, restaurants and bars in a walking distance.	Towels,Dishwasher,Laptop friendly workspace,Washer	img/97.png	88	0	Elizabeth	80	https://10.react.pages.academy/static/hotel/5.jpg,https://10.react.pages.academy/static/hotel/14.jpg,https://10.react.pages.academy/static/hotel/1.jpg	1	1	51.6890821644278	7.91307881311277	10	1	2022-10-17T09:24:22.569Z	https://10.react.pages.academy/static/hotel/1.jpg	52641	3	Amazing and Extremely Central Flat	house
2	Cologne	50.938361	6.959974	10	I am happy to welcome you to my apartment in the city center! Three words: location, cosy and chic!	Laptop friendly workspace,Washer	img/20.png	62	0	Elizabeth	53	https://10.react.pages.academy/static/hotel/7.jpg,https://10.react.pages.academy/static/hotel/12.jpg,https://10.react.pages.academy/static/hotel/13.jpg,https://10.react.pages.academy/static/hotel/10.jpg,https://10.react.pages.academy/static/hotel/3.jpg,https://10.react.pages.academy/static/hotel/20.jpg,https://10.react.pages.academy/static/hotel/15.jpg,https://10.react.pages.academy/static/hotel/19.jpg	0	0	51.028012365333886	7.733485144935262	10	2	2022-10-21T09:24:22.569Z	https://10.react.pages.academy/static/hotel/8.jpg	52376	2	Amazing and Extremely Central Flat	room
5	Cologne	50.938361	6.959974	10	Discover daily local life in city center, friendly neighborhood, clandestine casino, karaoke, old-style artisans, art gallery and artist studio downstairs.	Washer	img/64.png	73	0	Angelina	18	https://10.react.pages.academy/static/hotel/20.jpg,https://10.react.pages.academy/static/hotel/15.jpg,https://10.react.pages.academy/static/hotel/19.jpg	1	0	51.23384421208755	7.146044580026733	10	3	2022-10-16T09:24:22.569Z	https://10.react.pages.academy/static/hotel/1.jpg	25684	5	Nice, cozy, warm big bed apartment	house
1	Cologne	50.938361	6.959974	10	Relax, rejuvenate and unplug in this ultimate rustic getaway experience in the country. In our beautiful screened Pondhouse, you can gaze at the stars and listen to the sounds of nature from your cozy warm bed.	Fridge,Breakfast,Towels	img/6.png	89	0	Leonardo	74	https://10.react.pages.academy/static/hotel/13.jpg,https://10.react.pages.academy/static/hotel/10.jpg,https://10.react.pages.academy/static/hotel/3.jpg,https://10.react.pages.academy/static/hotel/20.jpg,https://10.react.pages.academy/static/hotel/15.jpg,https://10.react.pages.academy/static/hotel/19.jpg	0	0	51.85651220057606	7.07327475992492	10	1	2022-10-20T09:24:22.569Z	https://10.react.pages.academy/static/hotel/20.jpg	56472	5	Nice, cozy, warm big bed apartment	apartment
8	Brussels	50.846557	4.351697	10	Discover daily local life in city center, friendly neighborhood, clandestine casino, karaoke, old-style artisans, art gallery and artist studio downstairs.	Dishwasher,Laptop friendly workspace,Washer	img/64.png	72	1	Angelina	49	https://10.react.pages.academy/static/hotel/4.jpg,https://10.react.pages.academy/static/hotel/7.jpg,https://10.react.pages.academy/static/hotel/12.jpg,https://10.react.pages.academy/static/hotel/13.jpg,https://10.react.pages.academy/static/hotel/10.jpg,https://10.react.pages.academy/static/hotel/3.jpg,https://10.react.pages.academy/static/hotel/20.jpg	0	1	50.99803695039684	4.98984104902017	10	3	2022-10-18T09:24:22.569Z	https://10.react.pages.academy/static/hotel/3.jpg	18564	1	Nice, cozy, warm big bed apartment	room
2	Cologne	50.938361	6.959974	10	Peaceful studio in the most wanted area in town. Quiet house Near of everything.	Fridge,Breakfast,Towels	img/30.png	31	0	Robert	2	https://10.react.pages.academy/static/hotel/12.jpg,https://10.react.pages.academy/static/hotel/13.jpg,https://10.react.pages.academy/static/hotel/10.jpg,https://10.react.pages.academy/static/hotel/3.jpg,https://10.react.pages.academy/static/hotel/20.jpg,https://10.react.pages.academy/static/hotel/15.jpg,https://10.react.pages.academy/static/hotel/19.jpg	1	1	51.030593378093165	7.064136045724636	10	3	2022-10-17T09:24:22.569Z	https://10.react.pages.academy/static/hotel/14.jpg	7414	3	Nice, cozy, warm big bed apartment	house
7	Dusseldorf	51.225402	6.776314	10	Completely renovated. Lovely neighbourhood, lot of trendy shops, restaurants and bars in a walking distance.	Towels,Dishwasher,Laptop friendly workspace,Washer	img/11.png	13	0	Elizabeth	37	https://10.react.pages.academy/static/hotel/10.jpg,https://10.react.pages.academy/static/hotel/3.jpg,https://10.react.pages.academy/static/hotel/20.jpg,https://10.react.pages.academy/static/hotel/15.jpg,https://10.react.pages.academy/static/hotel/19.jpg	1	1	51.67973724668836	7.306012541581102	10	4	2022-10-18T09:24:22.569Z	https://10.react.pages.academy/static/hotel/13.jpg	8603	4	The Joshua Tree House	house
4	Brussels	50.846557	4.351697	10	Relax, rejuvenate and unplug in this ultimate rustic getaway experience in the country. In our beautiful screened Pondhouse, you can gaze at the stars and listen to the sounds of nature from your cozy warm bed.	Towels,Dishwasher,Laptop friendly workspace,Washer	img/25.png	53	0	Kate	49	https://10.react.pages.academy/static/hotel/13.jpg,https://10.react.pages.academy/static/hotel/10.jpg,https://10.react.pages.academy/static/hotel/3.jpg,https://10.react.pages.academy/static/hotel/20.jpg,https://10.react.pages.academy/static/hotel/15.jpg,https://10.react.pages.academy/static/hotel/19.jpg	0	1	51.05344876626657	4.5750186732693265	10	2	2022-10-16T09:24:22.569Z	https://10.react.pages.academy/static/hotel/3.jpg	97030	5	The Joshua Tree House	house
2	Cologne	50.938361	6.959974	10	Discover daily local life in city center, friendly neighborhood, clandestine casino, karaoke, old-style artisans, art gallery and artist studio downstairs.	Fridge,Breakfast,Towels,Dishwasher,Laptop friendly workspace,Washer	img/94.png	78	1	Kate	25	https://10.react.pages.academy/static/hotel/12.jpg,https://10.react.pages.academy/static/hotel/13.jpg,https://10.react.pages.academy/static/hotel/10.jpg,https://10.react.pages.academy/static/hotel/3.jpg,https://10.react.pages.academy/static/hotel/20.jpg,https://10.react.pages.academy/static/hotel/15.jpg,https://10.react.pages.academy/static/hotel/19.jpg	1	1	51.06327998702915	7.037406360492162	10	6	2022-10-20T09:24:22.569Z	https://10.react.pages.academy/static/hotel/15.jpg	44418	3	Wood and stone place	apartment
2	Brussels	50.846557	4.351697	10	Discover daily local life in city center, friendly neighborhood, clandestine casino, karaoke, old-style artisans, art gallery and artist studio downstairs.	Towels,Dishwasher,Laptop friendly workspace,Washer	img/80.png	39	1	Brad	26	https://10.react.pages.academy/static/hotel/10.jpg,https://10.react.pages.academy/static/hotel/3.jpg,https://10.react.pages.academy/static/hotel/20.jpg,https://10.react.pages.academy/static/hotel/15.jpg,https://10.react.pages.academy/static/hotel/19.jpg	1	0	51.77860901439996	4.580304035711755	10	2	2022-10-20T09:24:22.569Z	https://10.react.pages.academy/static/hotel/7.jpg	74305	2	Wood and stone place	house
3	Cologne	50.938361	6.959974	10	I am happy to welcome you to my apartment in the city center! Three words: location, cosy and chic!	Breakfast,Towels,Dishwasher,Laptop friendly workspace,Washer	img/8.png	89	0	Kate	67	https://10.react.pages.academy/static/hotel/1.jpg,https://10.react.pages.academy/static/hotel/4.jpg,https://10.react.pages.academy/static/hotel/7.jpg,https://10.react.pages.academy/static/hotel/12.jpg,https://10.react.pages.academy/static/hotel/13.jpg,https://10.react.pages.academy/static/hotel/10.jpg,https://10.react.pages.academy/static/hotel/3.jpg,https://10.react.pages.academy/static/hotel/20.jpg,https://10.react.pages.academy/static/hotel/15.jpg	0	1	51.44717678689455	7.373242100731467	10	4	2022-10-17T09:24:22.569Z	https://10.react.pages.academy/static/hotel/20.jpg	84349	5	Perfectly located Castro	house
8	Dusseldorf	51.225402	6.776314	10	Discover daily local life in city center, friendly neighborhood, clandestine casino, karaoke, old-style artisans, art gallery and artist studio downstairs.	Dishwasher,Laptop friendly workspace,Washer	img/53.png	86	0	Leonardo	29	https://10.react.pages.academy/static/hotel/4.jpg,https://10.react.pages.academy/static/hotel/7.jpg,https://10.react.pages.academy/static/hotel/12.jpg,https://10.react.pages.academy/static/hotel/13.jpg,https://10.react.pages.academy/static/hotel/10.jpg,https://10.react.pages.academy/static/hotel/3.jpg,https://10.react.pages.academy/static/hotel/20.jpg,https://10.react.pages.academy/static/hotel/15.jpg	1	0	51.77072025192885	7.488328944160791	10	5	2022-10-21T09:24:22.569Z	https://10.react.pages.academy/static/hotel/1.jpg	71968	5	Amazing and Extremely Central Flat	house
3	Dusseldorf	51.225402	6.776314	10	Discover daily local life in city center, friendly neighborhood, clandestine casino, karaoke, old-style artisans, art gallery and artist studio downstairs.	Towels,Dishwasher,Laptop friendly workspace,Washer	img/88.png	84	0	Kate	38	https://10.react.pages.academy/static/hotel/1.jpg,https://10.react.pages.academy/static/hotel/4.jpg,https://10.react.pages.academy/static/hotel/7.jpg,https://10.react.pages.academy/static/hotel/12.jpg,https://10.react.pages.academy/static/hotel/13.jpg,https://10.react.pages.academy/static/hotel/10.jpg,https://10.react.pages.academy/static/hotel/3.jpg	0	1	51.968107873649174	7.212400906778915	10	8	2022-10-18T09:24:22.569Z	https://10.react.pages.academy/static/hotel/12.jpg	79122	3	Amazing and Extremely Central Flat	hotel
3	Hamburg	53.550341	10.000654	10	I am happy to welcome you to my apartment in the city center! Three words: location, cosy and chic!	Dishwasher,Laptop friendly workspace,Washer	img/60.png	99	1	Kate	39	https://10.react.pages.academy/static/hotel/15.jpg,https://10.react.pages.academy/static/hotel/19.jpg	1	1	53.791366486733914	10.27257633359054	10	8	2022-10-17T09:24:22.569Z	https://10.react.pages.academy/static/hotel/6.jpg	78835	4	Loft Studio in the Central Area	apartment
5	Brussels	50.846557	4.351697	10	I am happy to welcome you to my apartment in the city center! Three words: location, cosy and chic!	Fridge,Breakfast,Towels,Dishwasher,Laptop friendly workspace	img/84.png	4	1	Leonardo	32	https://10.react.pages.academy/static/hotel/4.jpg,https://10.react.pages.academy/static/hotel/7.jpg,https://10.react.pages.academy/static/hotel/12.jpg,https://10.react.pages.academy/static/hotel/13.jpg,https://10.react.pages.academy/static/hotel/10.jpg,https://10.react.pages.academy/static/hotel/3.jpg,https://10.react.pages.academy/static/hotel/20.jpg,https://10.react.pages.academy/static/hotel/15.jpg,https://10.react.pages.academy/static/hotel/19.jpg	1	1	51.606637287702206	4.377247252386451	10	8	2022-10-17T09:24:22.569Z	https://10.react.pages.academy/static/hotel/1.jpg	52922	4	Penthouse, 4-5 rooms + 5 balconies	room
2	Hamburg	53.550341	10.000654	10	Peaceful studio in the most wanted area in town. Quiet house Near of everything.	Dishwasher,Laptop friendly workspace,Washer	img/79.png	31	1	Robert	23	https://10.react.pages.academy/static/hotel/13.jpg,https://10.react.pages.academy/static/hotel/10.jpg,https://10.react.pages.academy/static/hotel/3.jpg,https://10.react.pages.academy/static/hotel/20.jpg,https://10.react.pages.academy/static/hotel/15.jpg,https://10.react.pages.academy/static/hotel/19.jpg	0	0	54.18983801214729	10.14737619071536	10	1	2022-10-20T09:24:22.569Z	https://10.react.pages.academy/static/hotel/5.jpg	50364	4	Amazing and Extremely Central Flat	room
4	Cologne	50.938361	6.959974	10	Relax, rejuvenate and unplug in this ultimate rustic getaway experience in the country. In our beautiful screened Pondhouse, you can gaze at the stars and listen to the sounds of nature from your cozy warm bed.	Towels,Dishwasher,Laptop friendly workspace,Washer	img/7.png	21	0	Kate	66	https://10.react.pages.academy/static/hotel/19.jpg	0	1	51.24215128225192	7.6652042862351735	10	5	2022-10-22T09:24:22.569Z	https://10.react.pages.academy/static/hotel/19.jpg	74790	3	The Joshua Tree House	room
3	Dusseldorf	51.225402	6.776314	10	Discover daily local life in city center, friendly neighborhood, clandestine casino, karaoke, old-style artisans, art gallery and artist studio downstairs.	Breakfast,Towels,Dishwasher,Laptop friendly workspace,Washer	img/84.png	85	1	Robert	61	https://10.react.pages.academy/static/hotel/1.jpg,https://10.react.pages.academy/static/hotel/4.jpg,https://10.react.pages.academy/static/hotel/7.jpg,https://10.react.pages.academy/static/hotel/12.jpg,https://10.react.pages.academy/static/hotel/13.jpg,https://10.react.pages.academy/static/hotel/10.jpg,https://10.react.pages.academy/static/hotel/3.jpg,https://10.react.pages.academy/static/hotel/20.jpg	1	1	51.320140393660076	6.790825690005683	10	2	2022-10-21T09:24:22.569Z	https://10.react.pages.academy/static/hotel/3.jpg	19237	2	The Joshua Tree House	hotel
8	Hamburg	53.550341	10.000654	10	Discover daily local life in city center, friendly neighborhood, clandestine casino, karaoke, old-style artisans, art gallery and artist studio downstairs.	Breakfast,Towels,Dishwasher	img/36.png	9	1	Robert	17	https://10.react.pages.academy/static/hotel/6.jpg,https://10.react.pages.academy/static/hotel/5.jpg,https://10.react.pages.academy/static/hotel/14.jpg,https://10.react.pages.academy/static/hotel/1.jpg,https://10.react.pages.academy/static/hotel/4.jpg,https://10.react.pages.academy/static/hotel/7.jpg,https://10.react.pages.academy/static/hotel/12.jpg,https://10.react.pages.academy/static/hotel/13.jpg,https://10.react.pages.academy/static/hotel/10.jpg,https://10.react.pages.academy/static/hotel/3.jpg,https://10.react.pages.academy/static/hotel/20.jpg,https://10.react.pages.academy/static/hotel/15.jpg,https://10.react.pages.academy/static/hotel/19.jpg	1	1	53.99272290823079	10.433875887429362	10	10	2022-10-21T09:24:22.569Z	https://10.react.pages.academy/static/hotel/20.jpg	90601	3	Perfectly located Castro	hotel
5	Amsterdam	52.370216	4.895168	10	Relax, rejuvenate and unplug in this ultimate rustic getaway experience in the country. In our beautiful screened Pondhouse, you can gaze at the stars and listen to the sounds of nature from your cozy warm bed.	Fridge,Breakfast,Towels	img/42.png	11	1	Leonardo	29	https://10.react.pages.academy/static/hotel/14.jpg,https://10.react.pages.academy/static/hotel/1.jpg,https://10.react.pages.academy/static/hotel/4.jpg,https://10.react.pages.academy/static/hotel/7.jpg,https://10.react.pages.academy/static/hotel/12.jpg,https://10.react.pages.academy/static/hotel/13.jpg,https://10.react.pages.academy/static/hotel/10.jpg,https://10.react.pages.academy/static/hotel/3.jpg,https://10.react.pages.academy/static/hotel/20.jpg,https://10.react.pages.academy/static/hotel/15.jpg	1	1	52.97999914041905	5.460622231948461	10	1	2022-10-20T09:24:22.569Z	https://10.react.pages.academy/static/hotel/10.jpg	10890	3	Wood and stone place	house
1	Cologne	50.938361	6.959974	10	Completely renovated. Lovely neighbourhood, lot of trendy shops, restaurants and bars in a walking distance.	Dishwasher,Laptop friendly workspace,Washer	img/57.png	18	1	Robert	91	https://10.react.pages.academy/static/hotel/12.jpg,https://10.react.pages.academy/static/hotel/13.jpg,https://10.react.pages.academy/static/hotel/10.jpg,https://10.react.pages.academy/static/hotel/3.jpg,https://10.react.pages.academy/static/hotel/20.jpg,https://10.react.pages.academy/static/hotel/15.jpg,https://10.react.pages.academy/static/hotel/19.jpg	1	1	51.73563986251148	7.153617104264783	10	6	2022-10-19T09:24:22.569Z	https://10.react.pages.academy/static/hotel/3.jpg	43812	3	Penthouse, 4-5 rooms + 5 balconies	apartment
1	Paris	48.85661	2.351499	10	Completely renovated. Lovely neighbourhood, lot of trendy shops, restaurants and bars in a walking distance.	Towels,Dishwasher,Laptop friendly workspace,Washer	img/39.png	61	1	Angelina	61	https://10.react.pages.academy/static/hotel/7.jpg,https://10.react.pages.academy/static/hotel/12.jpg,https://10.react.pages.academy/static/hotel/13.jpg,https://10.react.pages.academy/static/hotel/10.jpg,https://10.react.pages.academy/static/hotel/3.jpg,https://10.react.pages.academy/static/hotel/20.jpg,https://10.react.pages.academy/static/hotel/15.jpg,https://10.react.pages.academy/static/hotel/19.jpg	1	1	48.8840441665553	2.4188794252114736	10	3	2022-10-18T09:24:22.569Z	https://10.react.pages.academy/static/hotel/1.jpg	89263	2	Amazing and Extremely Central Flat	house
5	Paris	48.85661	2.351499	10	Relax, rejuvenate and unplug in this ultimate rustic getaway experience in the country. In our beautiful screened Pondhouse, you can gaze at the stars and listen to the sounds of nature from your cozy warm bed.	Laptop friendly workspace,Washer	img/74.png	82	1	Kate	59	https://10.react.pages.academy/static/hotel/13.jpg,https://10.react.pages.academy/static/hotel/10.jpg,https://10.react.pages.academy/static/hotel/3.jpg,https://10.react.pages.academy/static/hotel/20.jpg,https://10.react.pages.academy/static/hotel/15.jpg,https://10.react.pages.academy/static/hotel/19.jpg	1	1	49.02065702153595	2.6668856199397597	10	6	2022-10-21T09:24:22.569Z	https://10.react.pages.academy/static/hotel/15.jpg	43107	4	Wood and stone place	apartment
7	Amsterdam	52.370216	4.895168	10	Completely renovated. Lovely neighbourhood, lot of trendy shops, restaurants and bars in a walking distance.	Fridge,Breakfast,Towels	img/65.png	19	1	Angelina	67	https://10.react.pages.academy/static/hotel/15.jpg,https://10.react.pages.academy/static/hotel/19.jpg	1	0	53.3637311769688	5.706588711172154	10	1	2022-10-17T09:24:22.570Z	https://10.react.pages.academy/static/hotel/14.jpg	68580	5	The Joshua Tree House	hotel
7	Dusseldorf	51.225402	6.776314	10	Completely renovated. Lovely neighbourhood, lot of trendy shops, restaurants and bars in a walking distance.	Dishwasher,Laptop friendly workspace,Washer	img/7.png	78	1	Brad	59	https://10.react.pages.academy/static/hotel/15.jpg,https://10.react.pages.academy/static/hotel/19.jpg	1	0	51.40611107593163	7.521743377335353	10	10	2022-10-21T09:24:22.570Z	https://10.react.pages.academy/static/hotel/13.jpg	39523	3	Wood and stone place	room
3	Amsterdam	52.370216	4.895168	10	Relax, rejuvenate and unplug in this ultimate rustic getaway experience in the country. In our beautiful screened Pondhouse, you can gaze at the stars and listen to the sounds of nature from your cozy warm bed.	Towels,Dishwasher,Laptop friendly workspace,Washer	img/64.png	51	1	Leonardo	80	https://10.react.pages.academy/static/hotel/4.jpg,https://10.react.pages.academy/static/hotel/7.jpg,https://10.react.pages.academy/static/hotel/12.jpg,https://10.react.pages.academy/static/hotel/13.jpg,https://10.react.pages.academy/static/hotel/10.jpg,https://10.react.pages.academy/static/hotel/3.jpg	0	0	52.75509559929146	5.107809160088027	10	2	2022-10-17T09:24:22.570Z	https://10.react.pages.academy/static/hotel/14.jpg	51523	5	Wood and stone place	apartment
7	Dusseldorf	51.225402	6.776314	10	Peaceful studio in the most wanted area in town. Quiet house Near of everything.	Dishwasher,Laptop friendly workspace,Washer	img/76.png	55	0	Robert	62	https://10.react.pages.academy/static/hotel/10.jpg,https://10.react.pages.academy/static/hotel/3.jpg,https://10.react.pages.academy/static/hotel/20.jpg,https://10.react.pages.academy/static/hotel/15.jpg,https://10.react.pages.academy/static/hotel/19.jpg	0	0	51.903162423121486	6.979578436569987	10	7	2022-10-18T09:24:22.570Z	https://10.react.pages.academy/static/hotel/15.jpg	50039	3	Perfectly located Castro	room
8	Paris	48.85661	2.351499	10	Discover daily local life in city center, friendly neighborhood, clandestine casino, karaoke, old-style artisans, art gallery and artist studio downstairs.	Towels,Dishwasher,Laptop friendly workspace,Washer	img/87.png	54	1	Brad	60	https://10.react.pages.academy/static/hotel/1.jpg,https://10.react.pages.academy/static/hotel/4.jpg,https://10.react.pages.academy/static/hotel/7.jpg,https://10.react.pages.academy/static/hotel/12.jpg,https://10.react.pages.academy/static/hotel/13.jpg,https://10.react.pages.academy/static/hotel/10.jpg,https://10.react.pages.academy/static/hotel/3.jpg	1	1	49.6409403315696	3.102345720554576	10	2	2022-10-18T09:24:22.570Z	https://10.react.pages.academy/static/hotel/5.jpg	81705	3	Loft Studio in the Central Area	room
4	Dusseldorf	51.225402	6.776314	10	Peaceful studio in the most wanted area in town. Quiet house Near of everything.	Washer	img/52.png	30	0	Brad	74	https://10.react.pages.academy/static/hotel/12.jpg,https://10.react.pages.academy/static/hotel/13.jpg,https://10.react.pages.academy/static/hotel/10.jpg,https://10.react.pages.academy/static/hotel/3.jpg,https://10.react.pages.academy/static/hotel/20.jpg,https://10.react.pages.academy/static/hotel/15.jpg,https://10.react.pages.academy/static/hotel/19.jpg	1	1	51.89156732192507	7.093684801854572	10	10	2022-10-18T09:24:22.570Z	https://10.react.pages.academy/static/hotel/1.jpg	70585	3	The Joshua Tree House	house
5	Paris	48.85661	2.351499	10	Relax, rejuvenate and unplug in this ultimate rustic getaway experience in the country. In our beautiful screened Pondhouse, you can gaze at the stars and listen to the sounds of nature from your cozy warm bed.	Towels,Dishwasher,Laptop friendly workspace,Washer	img/47.png	89	1	Elizabeth	36	https://10.react.pages.academy/static/hotel/14.jpg,https://10.react.pages.academy/static/hotel/1.jpg,https://10.react.pages.academy/static/hotel/4.jpg,https://10.react.pages.academy/static/hotel/7.jpg	1	0	49.720480528018044	2.9801481458382377	10	3	2022-10-17T09:24:22.570Z	https://10.react.pages.academy/static/hotel/12.jpg	81449	5	Amazing and Extremely Central Flat	house
8	Cologne	50.938361	6.959974	10	Discover daily local life in city center, friendly neighborhood, clandestine casino, karaoke, old-style artisans, art gallery and artist studio downstairs.	Washer	img/95.png	46	1	Leonardo	55	https://10.react.pages.academy/static/hotel/5.jpg,https://10.react.pages.academy/static/hotel/14.jpg	0	0	51.89367907072571	7.5803904395680135	10	5	2022-10-17T09:24:22.570Z	https://10.react.pages.academy/static/hotel/10.jpg	61078	2	Nice, cozy, warm big bed apartment	house
7	Hamburg	53.550341	10.000654	10	Completely renovated. Lovely neighbourhood, lot of trendy shops, restaurants and bars in a walking distance.		img/72.png	40	0	Leonardo	24	https://10.react.pages.academy/static/hotel/14.jpg,https://10.react.pages.academy/static/hotel/1.jpg,https://10.react.pages.academy/static/hotel/4.jpg,https://10.react.pages.academy/static/hotel/7.jpg,https://10.react.pages.academy/static/hotel/12.jpg	0	0	53.90016270778467	10.458336623284461	10	6	2022-10-19T09:24:22.570Z	https://10.react.pages.academy/static/hotel/20.jpg	3431	2	Nice, cozy, warm big bed apartment	hotel
8	Hamburg	53.550341	10.000654	10	Discover daily local life in city center, friendly neighborhood, clandestine casino, karaoke, old-style artisans, art gallery and artist studio downstairs.	Dishwasher,Laptop friendly workspace,Washer	img/100.png	15	0	Brad	96	https://10.react.pages.academy/static/hotel/5.jpg,https://10.react.pages.academy/static/hotel/14.jpg,https://10.react.pages.academy/static/hotel/1.jpg,https://10.react.pages.academy/static/hotel/4.jpg,https://10.react.pages.academy/static/hotel/7.jpg	1	1	53.64011232979619	10.604018273007833	10	1	2022-10-16T09:24:22.570Z	https://10.react.pages.academy/static/hotel/7.jpg	60579	2	Wood and stone place	room
3	Cologne	50.938361	6.959974	10	Completely renovated. Lovely neighbourhood, lot of trendy shops, restaurants and bars in a walking distance.	Baby seat,Fridge	img/15.png	45	1	Brad	78	https://10.react.pages.academy/static/hotel/15.jpg,https://10.react.pages.academy/static/hotel/19.jpg	0	0	51.55177752302496	7.292628941222177	10	5	2022-10-16T09:24:22.570Z	https://10.react.pages.academy/static/hotel/4.jpg	71611	3	Wood and stone place	hotel
1	Paris	48.85661	2.351499	10	Completely renovated. Lovely neighbourhood, lot of trendy shops, restaurants and bars in a walking distance.	Baby seat	img/34.png	1	0	Brad	41	https://10.react.pages.academy/static/hotel/3.jpg,https://10.react.pages.academy/static/hotel/20.jpg,https://10.react.pages.academy/static/hotel/15.jpg,https://10.react.pages.academy/static/hotel/19.jpg	0	1	49.835286782572226	3.2152482515845406	10	9	2022-10-16T09:24:22.570Z	https://10.react.pages.academy/static/hotel/6.jpg	88147	2	The Joshua Tree House	hotel
4	Paris	48.85661	2.351499	10	I am happy to welcome you to my apartment in the city center! Three words: location, cosy and chic!	Towels,Dishwasher,Laptop friendly workspace,Washer	img/45.png	65	1	Leonardo	91	https://10.react.pages.academy/static/hotel/5.jpg,https://10.react.pages.academy/static/hotel/14.jpg,https://10.react.pages.academy/static/hotel/1.jpg,https://10.react.pages.academy/static/hotel/4.jpg,https://10.react.pages.academy/static/hotel/7.jpg,https://10.react.pages.academy/static/hotel/12.jpg,https://10.react.pages.academy/static/hotel/13.jpg,https://10.react.pages.academy/static/hotel/10.jpg	1	0	49.6021203447363	2.4807446232315664	10	1	2022-10-17T09:24:22.570Z	https://10.react.pages.academy/static/hotel/12.jpg	14802	1	Penthouse, 4-5 rooms + 5 balconies	apartment
5	Cologne	50.938361	6.959974	10	Completely renovated. Lovely neighbourhood, lot of trendy shops, restaurants and bars in a walking distance.	Fridge,Breakfast,Towels,Dishwasher,Laptop friendly workspace,Washer	img/55.png	5	1	Elizabeth	73	https://10.react.pages.academy/static/hotel/13.jpg,https://10.react.pages.academy/static/hotel/10.jpg,https://10.react.pages.academy/static/hotel/3.jpg,https://10.react.pages.academy/static/hotel/20.jpg,https://10.react.pages.academy/static/hotel/15.jpg,https://10.react.pages.academy/static/hotel/19.jpg	0	0	51.48003107159437	7.537463661932957	10	5	2022-10-17T09:24:22.570Z	https://10.react.pages.academy/static/hotel/10.jpg	6394	3	Amazing and Extremely Central Flat	house
4	Dusseldorf	51.225402	6.776314	10	Relax, rejuvenate and unplug in this ultimate rustic getaway experience in the country. In our beautiful screened Pondhouse, you can gaze at the stars and listen to the sounds of nature from your cozy warm bed.	Towels,Dishwasher,Laptop friendly workspace,Washer	img/40.png	29	1	Kate	12	https://10.react.pages.academy/static/hotel/5.jpg,https://10.react.pages.academy/static/hotel/14.jpg,https://10.react.pages.academy/static/hotel/1.jpg,https://10.react.pages.academy/static/hotel/4.jpg,https://10.react.pages.academy/static/hotel/7.jpg,https://10.react.pages.academy/static/hotel/12.jpg	1	1	52.03703747658156	7.062395807393191	10	9	2022-10-17T09:24:22.570Z	https://10.react.pages.academy/static/hotel/13.jpg	57137	5	Nice, cozy, warm big bed apartment	hotel
2	Amsterdam	52.370216	4.895168	10	Completely renovated. Lovely neighbourhood, lot of trendy shops, restaurants and bars in a walking distance.	Air conditioning,Baby seat,Fridge,Breakfast	img/58.png	64	0	Angelina	52	https://10.react.pages.academy/static/hotel/4.jpg,https://10.react.pages.academy/static/hotel/7.jpg,https://10.react.pages.academy/static/hotel/12.jpg,https://10.react.pages.academy/static/hotel/13.jpg,https://10.react.pages.academy/static/hotel/10.jpg,https://10.react.pages.academy/static/hotel/3.jpg,https://10.react.pages.academy/static/hotel/20.jpg,https://10.react.pages.academy/static/hotel/15.jpg,https://10.react.pages.academy/static/hotel/19.jpg	1	0	52.67784745308141	5.77141300346824	10	8	2022-10-18T09:24:22.570Z	https://10.react.pages.academy/static/hotel/12.jpg	90118	3	Nice, cozy, warm big bed apartment	hotel
2	Paris	48.85661	2.351499	10	Peaceful studio in the most wanted area in town. Quiet house Near of everything.	Baby seat	img/54.png	67	1	Leonardo	62	https://10.react.pages.academy/static/hotel/4.jpg,https://10.react.pages.academy/static/hotel/7.jpg,https://10.react.pages.academy/static/hotel/12.jpg,https://10.react.pages.academy/static/hotel/13.jpg,https://10.react.pages.academy/static/hotel/10.jpg,https://10.react.pages.academy/static/hotel/3.jpg,https://10.react.pages.academy/static/hotel/20.jpg,https://10.react.pages.academy/static/hotel/15.jpg,https://10.react.pages.academy/static/hotel/19.jpg	1	0	49.14696433530749	2.9625447993242737	10	5	2022-10-20T09:24:22.570Z	https://10.react.pages.academy/static/hotel/19.jpg	74342	4	The Joshua Tree House	room
6	Cologne	50.938361	6.959974	10	Discover daily local life in city center, friendly neighborhood, clandestine casino, karaoke, old-style artisans, art gallery and artist studio downstairs.	Dishwasher,Laptop friendly workspace,Washer	img/61.png	33	1	Robert	71	https://10.react.pages.academy/static/hotel/12.jpg,https://10.react.pages.academy/static/hotel/13.jpg,https://10.react.pages.academy/static/hotel/10.jpg,https://10.react.pages.academy/static/hotel/3.jpg,https://10.react.pages.academy/static/hotel/20.jpg,https://10.react.pages.academy/static/hotel/15.jpg,https://10.react.pages.academy/static/hotel/19.jpg	1	1	51.07725329368535	7.709743240066678	10	5	2022-10-16T09:24:22.570Z	https://10.react.pages.academy/static/hotel/13.jpg	20780	4	The Joshua Tree House	room
7	Dusseldorf	51.225402	6.776314	10	Relax, rejuvenate and unplug in this ultimate rustic getaway experience in the country. In our beautiful screened Pondhouse, you can gaze at the stars and listen to the sounds of nature from your cozy warm bed.	Baby seat,Fridge,Breakfast,Towels,Dishwasher,Laptop friendly workspace	img/47.png	100	0	Elizabeth	53	https://10.react.pages.academy/static/hotel/6.jpg,https://10.react.pages.academy/static/hotel/5.jpg,https://10.react.pages.academy/static/hotel/14.jpg,https://10.react.pages.academy/static/hotel/1.jpg,https://10.react.pages.academy/static/hotel/4.jpg,https://10.react.pages.academy/static/hotel/7.jpg,https://10.react.pages.academy/static/hotel/12.jpg,https://10.react.pages.academy/static/hotel/13.jpg	0	0	52.027594924013	7.113605189146996	10	3	2022-10-22T09:24:22.570Z	https://10.react.pages.academy/static/hotel/3.jpg	37090	4	Amazing and Extremely Central Flat	room
4	Dusseldorf	51.225402	6.776314	10	Discover daily local life in city center, friendly neighborhood, clandestine casino, karaoke, old-style artisans, art gallery and artist studio downstairs.	Laptop friendly workspace,Washer	img/53.png	9	1	Brad	40	https://10.react.pages.academy/static/hotel/4.jpg,https://10.react.pages.academy/static/hotel/7.jpg,https://10.react.pages.academy/static/hotel/12.jpg,https://10.react.pages.academy/static/hotel/13.jpg,https://10.react.pages.academy/static/hotel/10.jpg,https://10.react.pages.academy/static/hotel/3.jpg,https://10.react.pages.academy/static/hotel/20.jpg,https://10.react.pages.academy/static/hotel/15.jpg,https://10.react.pages.academy/static/hotel/19.jpg	1	0	51.381486032992164	7.357517301088886	10	3	2022-10-18T09:24:22.570Z	https://10.react.pages.academy/static/hotel/6.jpg	55772	5	Wood and stone place	house
7	Brussels	50.846557	4.351697	10	I am happy to welcome you to my apartment in the city center! Three words: location, cosy and chic!	Baby seat,Fridge,Breakfast,Towels,Dishwasher,Laptop friendly workspace	img/11.png	89	1	Leonardo	72	https://10.react.pages.academy/static/hotel/13.jpg,https://10.react.pages.academy/static/hotel/10.jpg,https://10.react.pages.academy/static/hotel/3.jpg,https://10.react.pages.academy/static/hotel/20.jpg,https://10.react.pages.academy/static/hotel/15.jpg,https://10.react.pages.academy/static/hotel/19.jpg	0	1	51.21801702924652	4.723787879115975	10	2	2022-10-17T09:24:22.570Z	https://10.react.pages.academy/static/hotel/7.jpg	28050	2	Nice, cozy, warm big bed apartment	house
2	Amsterdam	52.370216	4.895168	10	I am happy to welcome you to my apartment in the city center! Three words: location, cosy and chic!	Baby seat,Fridge,Breakfast	img/80.png	54	0	Brad	55	https://10.react.pages.academy/static/hotel/4.jpg,https://10.react.pages.academy/static/hotel/7.jpg,https://10.react.pages.academy/static/hotel/12.jpg,https://10.react.pages.academy/static/hotel/13.jpg,https://10.react.pages.academy/static/hotel/10.jpg,https://10.react.pages.academy/static/hotel/3.jpg,https://10.react.pages.academy/static/hotel/20.jpg,https://10.react.pages.academy/static/hotel/15.jpg,https://10.react.pages.academy/static/hotel/19.jpg	1	1	52.61903882545265	5.707484944960378	10	8	2022-10-17T09:24:22.570Z	https://10.react.pages.academy/static/hotel/5.jpg	60951	5	Loft Studio in the Central Area	house
7	Cologne	50.938361	6.959974	10	Relax, rejuvenate and unplug in this ultimate rustic getaway experience in the country. In our beautiful screened Pondhouse, you can gaze at the stars and listen to the sounds of nature from your cozy warm bed.	Breakfast,Towels,Dishwasher,Laptop friendly workspace,Washer	img/95.png	97	0	Kate	12	https://10.react.pages.academy/static/hotel/7.jpg,https://10.react.pages.academy/static/hotel/12.jpg,https://10.react.pages.academy/static/hotel/13.jpg,https://10.react.pages.academy/static/hotel/10.jpg,https://10.react.pages.academy/static/hotel/3.jpg,https://10.react.pages.academy/static/hotel/20.jpg,https://10.react.pages.academy/static/hotel/15.jpg,https://10.react.pages.academy/static/hotel/19.jpg	0	0	51.667466800588436	7.24721849928466	10	3	2022-10-20T09:24:22.570Z	https://10.react.pages.academy/static/hotel/14.jpg	9560	2	Nice, cozy, warm big bed apartment	room
8	Brussels	50.846557	4.351697	10	Completely renovated. Lovely neighbourhood, lot of trendy shops, restaurants and bars in a walking distance.	Baby seat,Fridge,Breakfast,Towels,Dishwasher,Laptop friendly workspace	img/42.png	79	0	Kate	98	https://10.react.pages.academy/static/hotel/12.jpg,https://10.react.pages.academy/static/hotel/13.jpg,https://10.react.pages.academy/static/hotel/10.jpg,https://10.react.pages.academy/static/hotel/3.jpg,https://10.react.pages.academy/static/hotel/20.jpg,https://10.react.pages.academy/static/hotel/15.jpg,https://10.react.pages.academy/static/hotel/19.jpg	1	1	51.66944998605901	5.086280344461771	10	5	2022-10-21T09:24:22.570Z	https://10.react.pages.academy/static/hotel/15.jpg	35371	5	Loft Studio in the Central Area	hotel
2	Amsterdam	52.370216	4.895168	10	Completely renovated. Lovely neighbourhood, lot of trendy shops, restaurants and bars in a walking distance.	Dishwasher,Laptop friendly workspace,Washer	img/41.png	38	0	Kate	1	https://10.react.pages.academy/static/hotel/8.jpg,https://10.react.pages.academy/static/hotel/6.jpg,https://10.react.pages.academy/static/hotel/5.jpg,https://10.react.pages.academy/static/hotel/14.jpg,https://10.react.pages.academy/static/hotel/1.jpg	0	1	53.14036964902122	5.262106621823852	10	4	2022-10-20T09:24:22.570Z	https://10.react.pages.academy/static/hotel/10.jpg	458	1	Amazing and Extremely Central Flat	apartment
2	Paris	48.85661	2.351499	10	Completely renovated. Lovely neighbourhood, lot of trendy shops, restaurants and bars in a walking distance.	Fridge,Breakfast,Towels,Dishwasher,Laptop friendly workspace,Washer	img/73.png	27	1	Brad	93	https://10.react.pages.academy/static/hotel/1.jpg,https://10.react.pages.academy/static/hotel/4.jpg,https://10.react.pages.academy/static/hotel/7.jpg,https://10.react.pages.academy/static/hotel/12.jpg,https://10.react.pages.academy/static/hotel/13.jpg,https://10.react.pages.academy/static/hotel/10.jpg,https://10.react.pages.academy/static/hotel/3.jpg,https://10.react.pages.academy/static/hotel/20.jpg,https://10.react.pages.academy/static/hotel/15.jpg,https://10.react.pages.academy/static/hotel/19.jpg	0	0	49.71812157065374	2.984220120526196	10	2	2022-10-16T09:24:22.570Z	https://10.react.pages.academy/static/hotel/10.jpg	33176	3	The Joshua Tree House	house
2	Paris	48.85661	2.351499	10	Relax, rejuvenate and unplug in this ultimate rustic getaway experience in the country. In our beautiful screened Pondhouse, you can gaze at the stars and listen to the sounds of nature from your cozy warm bed.	Breakfast,Towels,Dishwasher,Laptop friendly workspace,Washer	img/76.png	82	0	Leonardo	6	https://10.react.pages.academy/static/hotel/5.jpg,https://10.react.pages.academy/static/hotel/14.jpg,https://10.react.pages.academy/static/hotel/1.jpg,https://10.react.pages.academy/static/hotel/4.jpg	1	1	49.144600705578526	2.8852615010305174	10	3	2022-10-19T09:24:22.570Z	https://10.react.pages.academy/static/hotel/7.jpg	54365	2	Loft Studio in the Central Area	house
5	Paris	48.85661	2.351499	10	Discover daily local life in city center, friendly neighborhood, clandestine casino, karaoke, old-style artisans, art gallery and artist studio downstairs.	Breakfast,Towels,Dishwasher,Laptop friendly workspace,Washer	img/90.png	36	0	Elizabeth	10	https://10.react.pages.academy/static/hotel/20.jpg,https://10.react.pages.academy/static/hotel/15.jpg,https://10.react.pages.academy/static/hotel/19.jpg	0	1	49.282986578327765	2.682792098137082	10	6	2022-10-20T09:24:22.570Z	https://10.react.pages.academy/static/hotel/5.jpg	92384	1	Wood and stone place	house
4	Paris	48.85661	2.351499	10	Completely renovated. Lovely neighbourhood, lot of trendy shops, restaurants and bars in a walking distance.	Towels,Dishwasher,Laptop friendly workspace,Washer	img/31.png	36	1	Leonardo	97	https://10.react.pages.academy/static/hotel/1.jpg,https://10.react.pages.academy/static/hotel/4.jpg,https://10.react.pages.academy/static/hotel/7.jpg,https://10.react.pages.academy/static/hotel/12.jpg,https://10.react.pages.academy/static/hotel/13.jpg,https://10.react.pages.academy/static/hotel/10.jpg	0	0	49.50220196002198	2.83184371660767	10	4	2022-10-21T09:24:22.570Z	https://10.react.pages.academy/static/hotel/12.jpg	45820	1	Nice, cozy, warm big bed apartment	apartment
5	Hamburg	53.550341	10.000654	10	Completely renovated. Lovely neighbourhood, lot of trendy shops, restaurants and bars in a walking distance.	Laptop friendly workspace,Washer	img/30.png	94	0	Kate	98	https://10.react.pages.academy/static/hotel/10.jpg,https://10.react.pages.academy/static/hotel/3.jpg,https://10.react.pages.academy/static/hotel/20.jpg,https://10.react.pages.academy/static/hotel/15.jpg,https://10.react.pages.academy/static/hotel/19.jpg	1	1	54.25213832194043	10.843947258358547	10	8	2022-10-19T09:24:22.570Z	https://10.react.pages.academy/static/hotel/14.jpg	27903	2	Nice, cozy, warm big bed apartment	apartment
3	Brussels	50.846557	4.351697	10	Discover daily local life in city center, friendly neighborhood, clandestine casino, karaoke, old-style artisans, art gallery and artist studio downstairs.	Washer	img/30.png	51	1	Elizabeth	40	https://10.react.pages.academy/static/hotel/8.jpg,https://10.react.pages.academy/static/hotel/6.jpg,https://10.react.pages.academy/static/hotel/5.jpg,https://10.react.pages.academy/static/hotel/14.jpg,https://10.react.pages.academy/static/hotel/1.jpg,https://10.react.pages.academy/static/hotel/4.jpg,https://10.react.pages.academy/static/hotel/7.jpg,https://10.react.pages.academy/static/hotel/12.jpg,https://10.react.pages.academy/static/hotel/13.jpg,https://10.react.pages.academy/static/hotel/10.jpg,https://10.react.pages.academy/static/hotel/3.jpg	1	0	51.739454300712886	4.770118735296245	10	9	2022-10-18T09:24:22.570Z	https://10.react.pages.academy/static/hotel/3.jpg	29418	3	Amazing and Extremely Central Flat	room
8	Amsterdam	52.370216	4.895168	10	Completely renovated. Lovely neighbourhood, lot of trendy shops, restaurants and bars in a walking distance.	Towels,Dishwasher,Laptop friendly workspace,Washer	img/94.png	48	0	Elizabeth	34	https://10.react.pages.academy/static/hotel/5.jpg,https://10.react.pages.academy/static/hotel/14.jpg,https://10.react.pages.academy/static/hotel/1.jpg,https://10.react.pages.academy/static/hotel/4.jpg,https://10.react.pages.academy/static/hotel/7.jpg,https://10.react.pages.academy/static/hotel/12.jpg,https://10.react.pages.academy/static/hotel/13.jpg,https://10.react.pages.academy/static/hotel/10.jpg,https://10.react.pages.academy/static/hotel/3.jpg,https://10.react.pages.academy/static/hotel/20.jpg,https://10.react.pages.academy/static/hotel/15.jpg,https://10.react.pages.academy/static/hotel/19.jpg	1	0	53.34977674456564	5.283135083757276	10	5	2022-10-17T09:24:22.570Z	https://10.react.pages.academy/static/hotel/15.jpg	50930	4	Perfectly located Castro	room
4	Paris	48.85661	2.351499	10	Discover daily local life in city center, friendly neighborhood, clandestine casino, karaoke, old-style artisans, art gallery and artist studio downstairs.	Baby seat,Fridge,Breakfast,Towels,Dishwasher	img/59.png	24	0	Elizabeth	39	https://10.react.pages.academy/static/hotel/12.jpg,https://10.react.pages.academy/static/hotel/13.jpg,https://10.react.pages.academy/static/hotel/10.jpg,https://10.react.pages.academy/static/hotel/3.jpg,https://10.react.pages.academy/static/hotel/20.jpg,https://10.react.pages.academy/static/hotel/15.jpg,https://10.react.pages.academy/static/hotel/19.jpg	0	0	49.2326937563945	2.6743356586745604	10	10	2022-10-19T09:24:22.570Z	https://10.react.pages.academy/static/hotel/14.jpg	46226	3	Penthouse, 4-5 rooms + 5 balconies	room
4	Dusseldorf	51.225402	6.776314	10	Relax, rejuvenate and unplug in this ultimate rustic getaway experience in the country. In our beautiful screened Pondhouse, you can gaze at the stars and listen to the sounds of nature from your cozy warm bed.	Baby seat,Fridge,Breakfast	img/91.png	45	0	Robert	16	https://10.react.pages.academy/static/hotel/3.jpg,https://10.react.pages.academy/static/hotel/20.jpg,https://10.react.pages.academy/static/hotel/15.jpg,https://10.react.pages.academy/static/hotel/19.jpg	0	1	51.781305490964066	7.279356300485917	10	9	2022-10-17T09:24:22.570Z	https://10.react.pages.academy/static/hotel/19.jpg	52895	4	The Joshua Tree House	house
7	Dusseldorf	51.225402	6.776314	10	Relax, rejuvenate and unplug in this ultimate rustic getaway experience in the country. In our beautiful screened Pondhouse, you can gaze at the stars and listen to the sounds of nature from your cozy warm bed.	Towels,Dishwasher,Laptop friendly workspace,Washer	img/62.png	62	0	Leonardo	78	https://10.react.pages.academy/static/hotel/4.jpg,https://10.react.pages.academy/static/hotel/7.jpg,https://10.react.pages.academy/static/hotel/12.jpg,https://10.react.pages.academy/static/hotel/13.jpg,https://10.react.pages.academy/static/hotel/10.jpg,https://10.react.pages.academy/static/hotel/3.jpg,https://10.react.pages.academy/static/hotel/20.jpg,https://10.react.pages.academy/static/hotel/15.jpg,https://10.react.pages.academy/static/hotel/19.jpg	1	1	51.80761858168786	7.347955176663328	10	6	2022-10-17T09:24:22.570Z	https://10.react.pages.academy/static/hotel/5.jpg	32346	2	Nice, cozy, warm big bed apartment	room
2	Hamburg	53.550341	10.000654	10	I am happy to welcome you to my apartment in the city center! Three words: location, cosy and chic!	Fridge,Breakfast,Towels,Dishwasher,Laptop friendly workspace,Washer	img/49.png	66	1	Robert	91	https://10.react.pages.academy/static/hotel/3.jpg,https://10.react.pages.academy/static/hotel/20.jpg,https://10.react.pages.academy/static/hotel/15.jpg,https://10.react.pages.academy/static/hotel/19.jpg	0	0	54.243448798127844	10.633967339697602	10	4	2022-10-21T09:24:22.570Z	https://10.react.pages.academy/static/hotel/20.jpg	56753	2	Wood and stone place	hotel
7	Hamburg	53.550341	10.000654	10	Relax, rejuvenate and unplug in this ultimate rustic getaway experience in the country. In our beautiful screened Pondhouse, you can gaze at the stars and listen to the sounds of nature from your cozy warm bed.	Baby seat,Fridge,Breakfast,Towels,Dishwasher,Laptop friendly workspace	img/68.png	32	0	Kate	8	https://10.react.pages.academy/static/hotel/1.jpg,https://10.react.pages.academy/static/hotel/4.jpg,https://10.react.pages.academy/static/hotel/7.jpg,https://10.react.pages.academy/static/hotel/12.jpg,https://10.react.pages.academy/static/hotel/13.jpg,https://10.react.pages.academy/static/hotel/10.jpg,https://10.react.pages.academy/static/hotel/3.jpg,https://10.react.pages.academy/static/hotel/20.jpg,https://10.react.pages.academy/static/hotel/15.jpg,https://10.react.pages.academy/static/hotel/19.jpg	0	1	53.85311327285039	10.425335473903571	10	3	2022-10-22T09:24:22.570Z	https://10.react.pages.academy/static/hotel/7.jpg	62037	5	Wood and stone place	apartment
6	Cologne	50.938361	6.959974	10	Discover daily local life in city center, friendly neighborhood, clandestine casino, karaoke, old-style artisans, art gallery and artist studio downstairs.	Towels,Dishwasher,Laptop friendly workspace,Washer	img/26.png	90	0	Kate	81	https://10.react.pages.academy/static/hotel/6.jpg	1	0	51.19053365834629	7.899760147674437	10	8	2022-10-20T09:24:22.571Z	https://10.react.pages.academy/static/hotel/1.jpg	50374	5	Loft Studio in the Central Area	hotel
3	Paris	48.85661	2.351499	10	Discover daily local life in city center, friendly neighborhood, clandestine casino, karaoke, old-style artisans, art gallery and artist studio downstairs.	Washer	img/98.png	16	1	Leonardo	45	https://10.react.pages.academy/static/hotel/15.jpg,https://10.react.pages.academy/static/hotel/19.jpg	1	1	49.70279102616436	3.03909480473589	10	6	2022-10-21T09:24:22.571Z	https://10.react.pages.academy/static/hotel/14.jpg	19055	3	Nice, cozy, warm big bed apartment	hotel
1	Dusseldorf	51.225402	6.776314	10	Discover daily local life in city center, friendly neighborhood, clandestine casino, karaoke, old-style artisans, art gallery and artist studio downstairs.	Baby seat,Fridge,Breakfast,Towels,Dishwasher,Laptop friendly workspace,Washer	img/23.png	55	0	Kate	73	https://10.react.pages.academy/static/hotel/4.jpg,https://10.react.pages.academy/static/hotel/7.jpg,https://10.react.pages.academy/static/hotel/12.jpg,https://10.react.pages.academy/static/hotel/13.jpg,https://10.react.pages.academy/static/hotel/10.jpg,https://10.react.pages.academy/static/hotel/3.jpg,https://10.react.pages.academy/static/hotel/20.jpg,https://10.react.pages.academy/static/hotel/15.jpg,https://10.react.pages.academy/static/hotel/19.jpg	1	1	51.9860448320468	7.295013520313008	10	2	2022-10-19T09:24:22.571Z	https://10.react.pages.academy/static/hotel/4.jpg	19146	1	Amazing and Extremely Central Flat	house
7	Brussels	50.846557	4.351697	10	Completely renovated. Lovely neighbourhood, lot of trendy shops, restaurants and bars in a walking distance.	Baby seat,Fridge,Breakfast,Towels,Dishwasher	img/6.png	73	0	Kate	75	https://10.react.pages.academy/static/hotel/5.jpg,https://10.react.pages.academy/static/hotel/14.jpg,https://10.react.pages.academy/static/hotel/1.jpg,https://10.react.pages.academy/static/hotel/4.jpg,https://10.react.pages.academy/static/hotel/7.jpg,https://10.react.pages.academy/static/hotel/12.jpg,https://10.react.pages.academy/static/hotel/13.jpg,https://10.react.pages.academy/static/hotel/10.jpg,https://10.react.pages.academy/static/hotel/3.jpg,https://10.react.pages.academy/static/hotel/20.jpg,https://10.react.pages.academy/static/hotel/15.jpg	0	0	51.41175386766802	4.781875880611645	10	7	2022-10-18T09:24:22.571Z	https://10.react.pages.academy/static/hotel/3.jpg	75367	5	Perfectly located Castro	house
2	Hamburg	53.550341	10.000654	10	Relax, rejuvenate and unplug in this ultimate rustic getaway experience in the country. In our beautiful screened Pondhouse, you can gaze at the stars and listen to the sounds of nature from your cozy warm bed.	Dishwasher,Laptop friendly workspace,Washer	img/26.png	17	1	Brad	18	https://10.react.pages.academy/static/hotel/6.jpg,https://10.react.pages.academy/static/hotel/5.jpg	0	0	54.21560725203227	10.709682256740072	10	8	2022-10-18T09:24:22.571Z	https://10.react.pages.academy/static/hotel/12.jpg	2694	1	The Joshua Tree House	house
5	Cologne	50.938361	6.959974	10	Completely renovated. Lovely neighbourhood, lot of trendy shops, restaurants and bars in a walking distance.	Dishwasher,Laptop friendly workspace,Washer	img/33.png	86	0	Brad	35	https://10.react.pages.academy/static/hotel/10.jpg,https://10.react.pages.academy/static/hotel/3.jpg,https://10.react.pages.academy/static/hotel/20.jpg,https://10.react.pages.academy/static/hotel/15.jpg,https://10.react.pages.academy/static/hotel/19.jpg	0	1	51.61634171881674	7.836272901936981	10	10	2022-10-20T09:24:22.571Z	https://10.react.pages.academy/static/hotel/4.jpg	5116	1	Nice, cozy, warm big bed apartment	house
4	Cologne	50.938361	6.959974	10	Discover daily local life in city center, friendly neighborhood, clandestine casino, karaoke, old-style artisans, art gallery and artist studio downstairs.	Washer	img/10.png	67	0	Angelina	49	https://10.react.pages.academy/static/hotel/5.jpg,https://10.react.pages.academy/static/hotel/14.jpg,https://10.react.pages.academy/static/hotel/1.jpg	0	0	51.07204317261744	7.624168310256293	10	9	2022-10-16T09:24:22.571Z	https://10.react.pages.academy/static/hotel/5.jpg	99931	2	Amazing and Extremely Central Flat	hotel
5	Cologne	50.938361	6.959974	10	Discover daily local life in city center, friendly neighborhood, clandestine casino, karaoke, old-style artisans, art gallery and artist studio downstairs.	Baby seat,Fridge,Breakfast,Towels,Dishwasher,Laptop friendly workspace,Washer	img/48.png	39	1	Elizabeth	70	https://10.react.pages.academy/static/hotel/12.jpg,https://10.react.pages.academy/static/hotel/13.jpg,https://10.react.pages.academy/static/hotel/10.jpg,https://10.react.pages.academy/static/hotel/3.jpg,https://10.react.pages.academy/static/hotel/20.jpg,https://10.react.pages.academy/static/hotel/15.jpg,https://10.react.pages.academy/static/hotel/19.jpg	0	1	51.15680638211242	7.275481886471604	10	4	2022-10-21T09:24:22.571Z	https://10.react.pages.academy/static/hotel/12.jpg	9689	3	Nice, cozy, warm big bed apartment	apartment
1	Paris	48.85661	2.351499	10	I am happy to welcome you to my apartment in the city center! Three words: location, cosy and chic!	Fridge,Breakfast,Towels,Dishwasher,Laptop friendly workspace,Washer	img/93.png	20	0	Elizabeth	44	https://10.react.pages.academy/static/hotel/3.jpg,https://10.react.pages.academy/static/hotel/20.jpg,https://10.react.pages.academy/static/hotel/15.jpg,https://10.react.pages.academy/static/hotel/19.jpg	1	0	49.5330532639924	2.5367185899122107	10	8	2022-10-21T09:24:22.571Z	https://10.react.pages.academy/static/hotel/15.jpg	57860	3	The Joshua Tree House	house
2	Hamburg	53.550341	10.000654	10	Discover daily local life in city center, friendly neighborhood, clandestine casino, karaoke, old-style artisans, art gallery and artist studio downstairs.	Laptop friendly workspace,Washer	img/60.png	1	1	Leonardo	38	https://10.react.pages.academy/static/hotel/13.jpg,https://10.react.pages.academy/static/hotel/10.jpg,https://10.react.pages.academy/static/hotel/3.jpg,https://10.react.pages.academy/static/hotel/20.jpg,https://10.react.pages.academy/static/hotel/15.jpg,https://10.react.pages.academy/static/hotel/19.jpg	0	1	53.59623737639132	10.582617705603313	10	9	2022-10-17T09:24:22.571Z	https://10.react.pages.academy/static/hotel/19.jpg	72806	3	Perfectly located Castro	house
3	Paris	48.85661	2.351499	10	Relax, rejuvenate and unplug in this ultimate rustic getaway experience in the country. In our beautiful screened Pondhouse, you can gaze at the stars and listen to the sounds of nature from your cozy warm bed.	Laptop friendly workspace,Washer	img/27.png	95	0	Elizabeth	80	https://10.react.pages.academy/static/hotel/15.jpg,https://10.react.pages.academy/static/hotel/19.jpg	1	1	49.37491873616156	2.6086352526300898	10	3	2022-10-16T09:24:22.572Z	https://10.react.pages.academy/static/hotel/6.jpg	7480	2	The Joshua Tree House	apartment
1	Hamburg	53.550341	10.000654	10	Relax, rejuvenate and unplug in this ultimate rustic getaway experience in the country. In our beautiful screened Pondhouse, you can gaze at the stars and listen to the sounds of nature from your cozy warm bed.	Towels,Dishwasher,Laptop friendly workspace,Washer	img/68.png	32	1	Kate	57	https://10.react.pages.academy/static/hotel/13.jpg,https://10.react.pages.academy/static/hotel/10.jpg,https://10.react.pages.academy/static/hotel/3.jpg,https://10.react.pages.academy/static/hotel/20.jpg,https://10.react.pages.academy/static/hotel/15.jpg,https://10.react.pages.academy/static/hotel/19.jpg	1	0	54.18470971706775	10.726456806434896	10	8	2022-10-22T09:24:22.573Z	https://10.react.pages.academy/static/hotel/4.jpg	16923	5	Amazing and Extremely Central Flat	apartment
2	Amsterdam	52.370216	4.895168	10	Completely renovated. Lovely neighbourhood, lot of trendy shops, restaurants and bars in a walking distance.	Fridge,Breakfast,Towels,Dishwasher,Laptop friendly workspace,Washer	img/12.png	36	1	Kate	67	https://10.react.pages.academy/static/hotel/10.jpg,https://10.react.pages.academy/static/hotel/3.jpg,https://10.react.pages.academy/static/hotel/20.jpg,https://10.react.pages.academy/static/hotel/15.jpg,https://10.react.pages.academy/static/hotel/19.jpg	0	1	52.94112959716553	5.715093854389155	10	9	2022-10-16T09:24:22.573Z	https://10.react.pages.academy/static/hotel/12.jpg	36162	4	The Joshua Tree House	apartment
6	Hamburg	53.550341	10.000654	10	Relax, rejuvenate and unplug in this ultimate rustic getaway experience in the country. In our beautiful screened Pondhouse, you can gaze at the stars and listen to the sounds of nature from your cozy warm bed.	Dishwasher,Laptop friendly workspace,Washer	img/66.png	86	1	Brad	68	https://10.react.pages.academy/static/hotel/3.jpg,https://10.react.pages.academy/static/hotel/20.jpg,https://10.react.pages.academy/static/hotel/15.jpg,https://10.react.pages.academy/static/hotel/19.jpg	0	0	53.654334622638025	10.12727692548183	10	3	2022-10-17T09:24:22.573Z	https://10.react.pages.academy/static/hotel/1.jpg	10382	3	The Joshua Tree House	house
5	Brussels	50.846557	4.351697	10	Relax, rejuvenate and unplug in this ultimate rustic getaway experience in the country. In our beautiful screened Pondhouse, you can gaze at the stars and listen to the sounds of nature from your cozy warm bed.	Air conditioning,Baby seat,Fridge,Breakfast	img/19.png	42	0	Brad	9	https://10.react.pages.academy/static/hotel/10.jpg,https://10.react.pages.academy/static/hotel/3.jpg,https://10.react.pages.academy/static/hotel/20.jpg,https://10.react.pages.academy/static/hotel/15.jpg,https://10.react.pages.academy/static/hotel/19.jpg	0	1	51.15405494918716	4.907476855306744	10	5	2022-10-18T09:24:22.573Z	https://10.react.pages.academy/static/hotel/6.jpg	17996	3	Penthouse, 4-5 rooms + 5 balconies	hotel
7	Hamburg	53.550341	10.000654	10	Relax, rejuvenate and unplug in this ultimate rustic getaway experience in the country. In our beautiful screened Pondhouse, you can gaze at the stars and listen to the sounds of nature from your cozy warm bed.	Towels,Dishwasher,Laptop friendly workspace,Washer	img/32.png	46	0	Elizabeth	72	https://10.react.pages.academy/static/hotel/15.jpg,https://10.react.pages.academy/static/hotel/19.jpg	0	1	54.295705722289256	10.982820719786371	10	6	2022-10-16T09:24:22.573Z	https://10.react.pages.academy/static/hotel/10.jpg	64990	4	Wood and stone place	room
7	Dusseldorf	51.225402	6.776314	10	Discover daily local life in city center, friendly neighborhood, clandestine casino, karaoke, old-style artisans, art gallery and artist studio downstairs.	Baby seat,Fridge,Breakfast,Towels,Dishwasher,Laptop friendly workspace	img/64.png	54	1	Angelina	57	https://10.react.pages.academy/static/hotel/1.jpg,https://10.react.pages.academy/static/hotel/4.jpg,https://10.react.pages.academy/static/hotel/7.jpg,https://10.react.pages.academy/static/hotel/12.jpg,https://10.react.pages.academy/static/hotel/13.jpg	1	0	51.243775215707245	6.8512560222192045	10	1	2022-10-22T09:24:22.573Z	https://10.react.pages.academy/static/hotel/10.jpg	35662	4	Amazing and Extremely Central Flat	house
7	Paris	48.85661	2.351499	10	I am happy to welcome you to my apartment in the city center! Three words: location, cosy and chic!	Towels,Dishwasher,Laptop friendly workspace,Washer	img/22.png	8	1	Elizabeth	69	https://10.react.pages.academy/static/hotel/8.jpg,https://10.react.pages.academy/static/hotel/6.jpg	1	0	49.26286209446676	3.305414102780394	10	4	2022-10-19T09:24:22.573Z	https://10.react.pages.academy/static/hotel/8.jpg	91491	5	Nice, cozy, warm big bed apartment	house
7	Paris	48.85661	2.351499	10	Completely renovated. Lovely neighbourhood, lot of trendy shops, restaurants and bars in a walking distance.	Baby seat,Fridge,Breakfast	img/81.png	35	1	Kate	45	https://10.react.pages.academy/static/hotel/14.jpg,https://10.react.pages.academy/static/hotel/1.jpg,https://10.react.pages.academy/static/hotel/4.jpg,https://10.react.pages.academy/static/hotel/7.jpg,https://10.react.pages.academy/static/hotel/12.jpg,https://10.react.pages.academy/static/hotel/13.jpg,https://10.react.pages.academy/static/hotel/10.jpg,https://10.react.pages.academy/static/hotel/3.jpg	0	0	49.2904640132294	2.973825341870744	10	1	2022-10-19T09:24:22.573Z	https://10.react.pages.academy/static/hotel/8.jpg	52533	4	The Joshua Tree House	room
