65078two@gmail.com	Efaskjl3w2	Leonardo	false
62542five@mail.com	Efaskjl3w2	Brad	false
89704one@mail.ru	2342039fjkds	Kate	true
27771six@mail.ru	wfsdcv34r	Leonardo	true
79681four@mail.com	wfsdcv34r	Angelina	true
22784six@mail.ru	wfsdcv34r	Brad	true
44014three@mail.ru	2342039fjkds	Kate	true
39602four@mail.com	2903fjsdfj	Brad	true
99108five@mail.com	Efaskjl3w2	Angelina	true
43075three@mail.ru	2342039fjkds	Leonardo	false
05132two@gmail.com	2342039fjkds	Leonardo	false
67974five@mail.com	wfsdcv34r	Elizabeth	false
95438three@mail.ru	2342039fjkds	Leonardo	false
71606six@mail.ru	2903fjsdfj	Kate	true
72151seven@mail.com	Efaskjl3w2	Robert	true
49204four@mail.com	asdfasdf	Angelina	false
80203two@gmail.com	wfsdcv34r	Brad	false
34638six@mail.ru	asdfasdf	Robert	false
43530two@gmail.com	Efaskjl3w2	Elizabeth	false
98383seven@mail.com	Efaskjl3w2	Elizabeth	false
10883four@mail.com	12343432	Elizabeth	false
88525five@mail.com	2903fjsdfj	Elizabeth	true
21584four@mail.com	wfsdcv34r	Brad	true
88093three@mail.ru	2342039fjkds	Leonardo	false
34754four@mail.com	Efaskjl3w2	Elizabeth	false
00495five@mail.com	2342039fjkds	Kate	true
70276three@mail.ru	Efaskjl3w2	Elizabeth	false
80020five@mail.com	Efaskjl3w2	Robert	true
23620four@mail.com	2342039fjkds	Kate	true
61645two@gmail.com	2342039fjkds	Kate	false
09334one@mail.ru	2903fjsdfj	Kate	true
93314six@mail.ru	2903fjsdfj	Kate	true
04515six@mail.ru	2342039fjkds	Elizabeth	false
58202one@mail.ru	2903fjsdfj	Brad	false
59471four@mail.com	wfsdcv34r	Kate	false
08757one@mail.ru	Efaskjl3w2	Robert	false
75142two@gmail.com	Efaskjl3w2	Leonardo	true
67088five@mail.com	Efaskjl3w2	Leonardo	false
09881one@mail.ru	asdfasdf	Elizabeth	false
90588one@mail.ru	2342039fjkds	Elizabeth	true
28884three@mail.ru	asdfasdf	Elizabeth	true
29676one@mail.ru	asdfasdf	Kate	true
66320four@mail.com	wfsdcv34r	Elizabeth	true
27056four@mail.com	2342039fjkds	Kate	true
58400six@mail.ru	2903fjsdfj	Robert	false
14256two@gmail.com	wfsdcv34r	Elizabeth	true
87974seven@mail.com	wfsdcv34r	Elizabeth	false
40714five@mail.com	Efaskjl3w2	Brad	false
11392four@mail.com	Efaskjl3w2	Kate	true
36414two@gmail.com	2903fjsdfj	Elizabeth	true
32781four@mail.com	12343432	Kate	false
85977three@mail.ru	2342039fjkds	Brad	false
90346two@gmail.com	Efaskjl3w2	Angelina	true
98769six@mail.ru	2903fjsdfj	Kate	false
64211six@mail.ru	2903fjsdfj	Brad	false
01618three@mail.ru	2903fjsdfj	Angelina	true
41302five@mail.com	Efaskjl3w2	Kate	false
54192four@mail.com	2903fjsdfj	Leonardo	false
55961seven@mail.com	2903fjsdfj	Kate	true
14446three@mail.ru	2903fjsdfj	Robert	false
42389two@gmail.com	Efaskjl3w2	Leonardo	false
67994one@mail.ru	wfsdcv34r	Brad	true
73368two@gmail.com	12343432	Kate	true
39377six@mail.ru	2342039fjkds	Robert	false
55180one@mail.ru	asdfasdf	Kate	false
29417four@mail.com	asdfasdf	Robert	false
35655six@mail.ru	12343432	Kate	false
57006one@mail.ru	Efaskjl3w2	Leonardo	false
72862two@gmail.com	Efaskjl3w2	Kate	false
67661five@mail.com	2903fjsdfj	Leonardo	true
37711two@gmail.com	2903fjsdfj	Leonardo	false
79310six@mail.ru	asdfasdf	Elizabeth	false
81821six@mail.ru	Efaskjl3w2	Leonardo	false
02142seven@mail.com	2342039fjkds	Kate	false
50863five@mail.com	2342039fjkds	Brad	true
04289seven@mail.com	wfsdcv34r	Elizabeth	true
50857three@mail.ru	asdfasdf	Brad	false
05193three@mail.ru	2903fjsdfj	Kate	true
11669seven@mail.com	2342039fjkds	Elizabeth	false
83054two@gmail.com	asdfasdf	Brad	true
08751six@mail.ru	asdfasdf	Kate	true
37113five@mail.com	2903fjsdfj	Leonardo	false
53540two@gmail.com	2342039fjkds	Angelina	true
25393five@mail.com	2342039fjkds	Leonardo	true
59255two@gmail.com	wfsdcv34r	Leonardo	true
25225six@mail.ru	wfsdcv34r	Elizabeth	false
80563four@mail.com	wfsdcv34r	Brad	false
12017seven@mail.com	Efaskjl3w2	Leonardo	true
59667four@mail.com	2342039fjkds	Elizabeth	false
99972two@gmail.com	wfsdcv34r	Brad	false
05269five@mail.com	asdfasdf	Robert	true
55030five@mail.com	2903fjsdfj	Kate	false
60323one@mail.ru	wfsdcv34r	Kate	true
96919four@mail.com	12343432	Brad	false
62034one@mail.ru	wfsdcv34r	Brad	true
10368two@gmail.com	Efaskjl3w2	Angelina	false
99015five@mail.com	2903fjsdfj	Leonardo	true
73705one@mail.ru	asdfasdf	Brad	false
14184two@gmail.com	12343432	Leonardo	true
55376five@mail.com	wfsdcv34r	Leonardo	true
